id,lv,dieu,khoan,diem,hanh_vi,hinh_thuc,min_vnd,max_vnd,ty_le,dieu_kien,bien_phap_khac_phuc,hieu_luc_tu,hieu_luc_den,trang_thai,nguon,ghi_chu
P001,Thủ tục thuế,10,1,,Đăng ký thuế / thông báo tạm ngừng / thông báo tiếp tục KD trước hạn quá hạn 01-10 ngày,Cảnh cáo,,,,Có tình tiết giảm nhẹ,,2020-12-05,,Còn hiệu lực,125,
P002,Thủ tục thuế,10,1,b,Thông báo đơn vị hợp thành chịu trách nhiệm kê khai (GMT) quá hạn,Cảnh cáo,,,,,,2026-01-16,,Còn hiệu lực,310,Nghị quyết 107/2023/QH15 (thuế TNDN bổ sung - thuế tối thiểu toàn cầu)
P003,Thủ tục thuế,10,2,a,Đăng ký thuế / thông báo tiếp tục KD trước hạn quá hạn 01-30 ngày,Phạt tiền (khung),1000000,2000000,,Trừ trường hợp cảnh cáo khoản 1,,2020-12-05,,Còn hiệu lực,125,
P004,Thủ tục thuế,10,2,b,Thông báo tạm ngừng hoạt động kinh doanh quá hạn,Phạt tiền (khung),1000000,2000000,,Trừ trường hợp cảnh cáo khoản 1,,2020-12-05,,Còn hiệu lực,125,
P005,Thủ tục thuế,10,2,c,Không thông báo tạm ngừng hoạt động kinh doanh,Phạt tiền (khung),1000000,2000000,,,,2020-12-05,,Còn hiệu lực,125,
P006,Thủ tục thuế,10,2,d,Không thông báo đơn vị hợp thành chịu trách nhiệm kê khai (GMT),Phạt tiền (khung),1000000,2000000,,,Buộc nộp thông báo đơn vị hợp thành (khoản 5 Điều 10 mới),2026-01-16,,Còn hiệu lực,125+310,NĐ310 chỉ bổ sung hành vi; khung 1-2 triệu là khung khoản 2 Điều 10 NĐ125. Nghị quyết 107/2023/QH15 (thuế TNDN bổ sung - thuế tối thiểu toàn cầu)
P007,Thủ tục thuế,10,3,,Đăng ký thuế / thông báo tiếp tục KD trước hạn quá hạn 31-90 ngày,Phạt tiền (khung),3000000,6000000,,,,2020-12-05,,Còn hiệu lực,125,
P008,Thủ tục thuế,10,4,a,Đăng ký thuế / thông báo tiếp tục KD trước hạn quá hạn từ 91 ngày,Phạt tiền (khung),6000000,10000000,,,,2020-12-05,,Còn hiệu lực,125,
P009,Thủ tục thuế,10,4,b,"Không thông báo tiếp tục KD trước hạn đã thông báo, không phát sinh thuế phải nộp",Phạt tiền (khung),6000000,10000000,,,,2020-12-05,,Còn hiệu lực,125,
P010,Thủ tục thuế,11,1,a,"Thông báo thay đổi đăng ký thuế quá hạn 01-30 ngày, KHÔNG làm đổi GCN đăng ký thuế/thông báo MST",Cảnh cáo,,,,Có tình tiết giảm nhẹ,,2020-12-05,,Còn hiệu lực,125,
P011,Thủ tục thuế,11,1,b,"Thông báo thay đổi đăng ký thuế quá hạn 01-10 ngày, CÓ làm đổi GCN đăng ký thuế/thông báo MST",Cảnh cáo,,,,Có tình tiết giảm nhẹ,,2020-12-05,,Còn hiệu lực,125,
P012,Thủ tục thuế,11,2,,"Thông báo thay đổi đăng ký thuế quá hạn 01-30 ngày, không làm đổi GCN/thông báo MST",Phạt tiền (khung),500000,1000000,,Trừ trường hợp cảnh cáo điểm a khoản 1,,2020-12-05,,Còn hiệu lực,125,
P013,Thủ tục thuế,11,3,a,"Thông báo thay đổi quá hạn 31-90 ngày, không làm đổi GCN/thông báo MST",Phạt tiền (khung),1000000,3000000,,,,2020-12-05,,Còn hiệu lực,125,
P014,Thủ tục thuế,11,3,b,"Thông báo thay đổi quá hạn 01-30 ngày, có làm đổi GCN/thông báo MST",Phạt tiền (khung),1000000,3000000,,Trừ trường hợp cảnh cáo điểm b khoản 1,,2020-12-05,,Còn hiệu lực,125,
P015,Thủ tục thuế,11,4,a,"Thông báo thay đổi quá hạn từ 91 ngày, không làm đổi GCN/thông báo MST",Phạt tiền (khung),3000000,5000000,,,,2020-12-05,,Còn hiệu lực,125,
P016,Thủ tục thuế,11,4,b,"Thông báo thay đổi quá hạn 31-90 ngày, có làm đổi GCN/thông báo MST",Phạt tiền (khung),3000000,5000000,,,,2020-12-05,,Còn hiệu lực,125,
P017,Thủ tục thuế,11,5,a,"Thông báo thay đổi quá hạn từ 91 ngày, có làm đổi GCN/thông báo MST",Phạt tiền (khung),5000000,7000000,,,,2020-12-05,,Còn hiệu lực,125,
P018,Thủ tục thuế,11,5,b,Không thông báo thay đổi thông tin trong hồ sơ đăng ký thuế,Phạt tiền (khung),5000000,7000000,,,Buộc nộp hồ sơ thay đổi nội dung đăng ký thuế,2020-12-05,,Còn hiệu lực,125,"Khoản 6 (sửa bởi NĐ310): không xử phạt cá nhân không KD chậm đổi thông tin theo thẻ căn cước, cơ quan chi trả thu nhập chậm thông báo đổi thông tin căn cước của cá nhân ủy quyền quyết toán, và thay đổi địa chỉ do thay đổi địa giới hành chính."
P019,Khai sai / trốn thuế,12,1,,Khai sai/thiếu chỉ tiêu trong hồ sơ thuế nhưng không liên quan xác định nghĩa vụ thuế,Phạt tiền (khung),500000,1500000,,Trừ hành vi khoản 2,"Buộc khai lại, nộp bổ sung tài liệu",2020-12-05,,Còn hiệu lực,125,
P020,Khai sai / trốn thuế,12,2,,"Khai sai/thiếu chỉ tiêu trên tờ khai, phụ lục tờ khai nhưng không liên quan xác định nghĩa vụ thuế",Phạt tiền (khung),1500000,2500000,,,"Buộc khai lại, nộp bổ sung tài liệu",2020-12-05,,Còn hiệu lực,125,
P021,Khai sai / trốn thuế,12,3,a,Khai sai/thiếu chỉ tiêu liên quan xác định nghĩa vụ thuế trong hồ sơ thuế (không thiếu thuế),Phạt tiền (khung),5000000,8000000,,,"Buộc khai lại; điều chỉnh số lỗ, số thuế GTGT đầu vào chuyển kỳ sau",2020-12-05,,Còn hiệu lực,125,
P022,Khai sai / trốn thuế,12,3,b,Khai sai nhưng không thiếu thuế - các hành vi tại khoản 3 Điều 16 và khoản 7 Điều 17,Phạt tiền (khung),5000000,8000000,,,"Buộc điều chỉnh số lỗ, số thuế GTGT đầu vào chuyển kỳ sau",2020-12-05,,Còn hiệu lực,125,
P023,Thủ tục thuế,13,1,,Nộp hồ sơ khai thuế quá hạn 01-05 ngày,Cảnh cáo,,,,Có tình tiết giảm nhẹ,Buộc nộp tiền chậm nộp nếu chậm nộp hồ sơ dẫn đến chậm nộp thuế,2020-12-05,,Còn hiệu lực,125,
P024,Thủ tục thuế,13,2,,Nộp hồ sơ khai thuế quá hạn 01-30 ngày,Phạt tiền (khung),2000000,5000000,,Trừ trường hợp cảnh cáo khoản 1,Buộc nộp tiền chậm nộp (nếu chậm nộp thuế),2020-12-05,,Còn hiệu lực,125,
P025,Thủ tục thuế,13,3,,Nộp hồ sơ khai thuế quá hạn 31-60 ngày,Phạt tiền (khung),5000000,8000000,,,Buộc nộp tiền chậm nộp (nếu chậm nộp thuế),2020-12-05,,Còn hiệu lực,125,
P026,Thủ tục thuế,13,4,a,Nộp hồ sơ khai thuế quá hạn 61-90 ngày,Phạt tiền (khung),8000000,15000000,,,Buộc nộp tiền chậm nộp (nếu chậm nộp thuế),2020-12-05,,Còn hiệu lực,125,
P027,Thủ tục thuế,13,4,b,"Nộp hồ sơ khai thuế quá hạn từ 91 ngày, không phát sinh thuế phải nộp",Phạt tiền (khung),8000000,15000000,,,,2020-12-05,,Còn hiệu lực,125,
P028,Thủ tục thuế,13,4,c,"Không nộp hồ sơ khai thuế, không phát sinh thuế phải nộp",Phạt tiền (khung),8000000,15000000,,,Buộc nộp hồ sơ khai thuế,2020-12-05,,Còn hiệu lực,125,
P029,Thủ tục thuế,13,4,d,Không nộp phụ lục giao dịch liên kết kèm hồ sơ quyết toán TNDN,Phạt tiền (khung),8000000,15000000,,,Buộc nộp phụ lục kèm hồ sơ khai thuế,2020-12-05,,Còn hiệu lực,125,
P030,Thủ tục thuế,13,5,,"Nộp hồ sơ khai thuế quá hạn trên 90 ngày, có phát sinh thuế phải nộp, đã nộp đủ thuế + tiền chậm nộp trước khi có quyết định kiểm tra/thanh tra hoặc biên bản chậm nộp",Phạt tiền (khung),15000000,25000000,,,Buộc nộp tiền chậm nộp (khoản 6.a Điều 13 gốc có bao gồm khoản 5),2020-12-05,2026-01-15,Đã được thay bằng quy định mới từ 16/01/2026 (chỉ áp dụng hành vi đã kết thúc trước ngày này),125,Trường hợp nộp trên 90 ngày KHÔNG thuộc khoản 5 bị xử lý như trốn thuế (Điều 17.1.a).
P031,Thủ tục thuế,13,5,,"Nộp hồ sơ khai thuế quá hạn trên 90 ngày, có phát sinh thuế phải nộp, đã nộp đủ thuế + tiền chậm nộp trước khi có quyết định kiểm tra/thanh tra hoặc biên bản chậm nộp",Phạt tiền (khung),15000000,25000000,,,"Khoản 6.a Điều 13 mới chỉ buộc nộp tiền chậm nộp đối với khoản 1, 2, 3, 4 (không còn khoản 5)",2026-01-16,,Còn hiệu lực,310,"Từ 16/01/2026: nếu tiền phạt > số thuế phát sinh trên hồ sơ (hoặc tổng thuế các hồ sơ nộp cùng ngày cùng sắc thuế) thì mức phạt tối đa = số thuế phát sinh, nhưng không thấp hơn mức trung bình khung khoản 4 (11,5 triệu). Trigger đổi thành 'cơ quan khác công bố quyết định thanh tra, kiểm tra'."
P032,Thủ tục thuế,14,1,a,"Cung cấp thông tin, hồ sơ pháp lý đăng ký thuế theo thông báo của cơ quan thuế quá hạn từ 05 ngày làm việc",Phạt tiền (khung),2000000,3000000,,,,2020-12-05,,Còn hiệu lực,125,
P033,Thủ tục thuế,14,1,b,"Cung cấp thông tin, tài liệu, sổ kế toán xác định nghĩa vụ thuế theo thông báo quá hạn từ 05 ngày làm việc",Phạt tiền (khung),2000000,3000000,,,,2020-12-05,,Còn hiệu lực,125,
P034,Thủ tục thuế,14,2,a,"Không cung cấp / cung cấp không đầy đủ, không chính xác thông tin, chứng từ, hóa đơn, sổ kế toán xác định nghĩa vụ thuế; số hiệu, số dư tài khoản",Phạt tiền (khung),3000000,5000000,,,Buộc cung cấp thông tin,2020-12-05,,Còn hiệu lực,125,
P035,Thủ tục thuế,14,2,b,"Không cung cấp / cung cấp không đầy đủ, không đúng chỉ tiêu nghĩa vụ thuế phải đăng ký, không làm giảm nghĩa vụ thuế",Phạt tiền (khung),3000000,5000000,,,Buộc cung cấp thông tin,2020-12-05,,Còn hiệu lực,125,
P036,Thủ tục thuế,14,2,c,"Không cung cấp / cung cấp không đầy đủ thông tin tài khoản tại TCTD, KBNN, công nợ bên thứ ba khi cơ quan thuế yêu cầu",Phạt tiền (khung),3000000,5000000,,,Buộc cung cấp thông tin,2020-12-05,,Còn hiệu lực,125,
P037,Thủ tục thuế,15,1,a,"Không nhận quyết định thanh tra, kiểm tra thuế, quyết định cưỡng chế khi cơ quan thuế giao, gửi",Phạt tiền (khung),2000000,5000000,,,,2020-12-05,,Còn hiệu lực,125,
P038,Thủ tục thuế,15,1,b,"Không chấp hành quyết định thanh tra, kiểm tra thuế quá thời hạn 03 ngày làm việc trở lên",Phạt tiền (khung),2000000,5000000,,,,2020-12-05,,Còn hiệu lực,125,
P039,Thủ tục thuế,15,1,c,"Cung cấp hồ sơ, tài liệu, hóa đơn, sổ kế toán quá 06 giờ làm việc khi kiểm tra tại trụ sở",Phạt tiền (khung),2000000,5000000,,,,2020-12-05,,Còn hiệu lực,125,
P040,Thủ tục thuế,15,1,d,"Cung cấp không đầy đủ, chính xác thông tin, tài liệu, sổ kế toán khi kiểm tra tại trụ sở",Phạt tiền (khung),2000000,5000000,,,"Buộc cung cấp thông tin, tài liệu, sổ kế toán",2020-12-05,,Còn hiệu lực,125,
P041,Thủ tục thuế,15,1,đ,"Không ký biên bản kiểm tra, thanh tra thuế trong 05 ngày làm việc",Phạt tiền (khung),2000000,5000000,,,,2020-12-05,,Còn hiệu lực,125,
P042,Thủ tục thuế,15,2,a,"Không cung cấp số liệu, tài liệu, sổ kế toán khi cơ quan có thẩm quyền yêu cầu trong kiểm tra/thanh tra tại trụ sở",Phạt tiền (khung),5000000,10000000,,,"Buộc cung cấp thông tin, tài liệu, sổ kế toán",2020-12-05,,Còn hiệu lực,125,
P043,Thủ tục thuế,15,2,b,"Không thực hiện / thực hiện không đúng quyết định niêm phong hồ sơ, két quỹ, kho hàng...",Phạt tiền (khung),5000000,10000000,,,,2020-12-05,,Còn hiệu lực,125,
P044,Thủ tục thuế,15,2,c,"Tự ý tháo bỏ, thay đổi dấu hiệu niêm phong hợp pháp",Phạt tiền (khung),5000000,10000000,,,,2020-12-05,,Còn hiệu lực,125,
P045,Khai sai / trốn thuế,16,1,a,"Khai sai căn cứ tính thuế / số thuế được khấu trừ / sai trường hợp miễn giảm hoàn - nghiệp vụ đã phản ánh đầy đủ trong sổ sách, hóa đơn, chứng từ hợp pháp",Phạt theo tỷ lệ,,,"20% số thuế khai thiếu / số thuế miễn, giảm, hoàn cao hơn quy định",,"Buộc nộp đủ thuế thiếu + tiền chậm nộp; điều chỉnh lỗ, thuế GTGT đầu vào chuyển kỳ sau",2020-12-05,,Còn hiệu lực,125,
P046,Khai sai / trốn thuế,16,1,b,"Khai sai làm giảm thuế phải nộp (không thuộc điểm a), đã tự khai bổ sung và nộp đủ thuế trước khi cơ quan thuế kết thúc thanh tra, kiểm tra tại trụ sở",Phạt theo tỷ lệ,,,"20% số thuế khai thiếu / số thuế miễn, giảm, hoàn cao hơn quy định",,"Buộc nộp đủ thuế thiếu + tiền chậm nộp; điều chỉnh lỗ, thuế GTGT đầu vào chuyển kỳ sau",2020-12-05,2026-01-15,Đã bãi bỏ từ 16/01/2026 (chỉ áp dụng hành vi đã kết thúc trước ngày này),125,Điểm này bị NĐ310 bãi bỏ; thay bằng Điều 9.3: khai bổ sung + nộp đủ thuế TRƯỚC khi có quyết định kiểm tra/thanh tra hoặc trước khi cơ quan thuế phát hiện thì KHÔNG bị xử phạt.
P047,Khai sai / trốn thuế,16,1,c,"Khai sai bị xác định là trốn thuế nhưng vi phạm lần đầu về trốn thuế, đã khai bổ sung và nộp đủ thuế trước khi có quyết định xử phạt, cơ quan thuế đã lập biên bản ghi nhận là khai sai (biên bản thanh tra, kiểm tra thuế hoặc biên bản vi phạm hành chính)",Phạt theo tỷ lệ,,,"20% số thuế khai thiếu / số thuế miễn, giảm, hoàn cao hơn quy định",,"Buộc nộp đủ thuế thiếu + tiền chậm nộp; điều chỉnh lỗ, thuế GTGT đầu vào chuyển kỳ sau",2020-12-05,2026-01-15,Đã được thay bằng quy định mới từ 16/01/2026 (chỉ áp dụng hành vi đã kết thúc trước ngày này),125,
P048,Khai sai / trốn thuế,16,1,c,"Khai sai bị xác định là trốn thuế nhưng vi phạm lần đầu về trốn thuế, đã khai bổ sung và nộp đủ thuế trước khi có quyết định xử phạt, cơ quan thuế đã lập biên bản ghi nhận là khai sai (chỉ còn: biên bản vi phạm hành chính)",Phạt theo tỷ lệ,,,"20% số thuế khai thiếu / số thuế miễn, giảm, hoàn cao hơn quy định",,"Buộc nộp đủ thuế thiếu + tiền chậm nộp; điều chỉnh lỗ, thuế GTGT đầu vào chuyển kỳ sau",2026-01-16,,Còn hiệu lực,310,Bản OCR NĐ310 ghi tiêu đề 'điểm e'; nội dung trích khớp điểm c khoản 1 Điều 16 gốc (khoản 1 không có điểm e).
P049,Khai sai / trốn thuế,16,1,d,Khai sai dẫn đến thiếu thuế với giao dịch liên kết nhưng đã lập hồ sơ xác định giá thị trường / gửi phụ lục giao dịch liên kết,Phạt theo tỷ lệ,,,"20% số thuế khai thiếu / số thuế miễn, giảm, hoàn cao hơn quy định",,"Buộc nộp đủ thuế thiếu + tiền chậm nộp; điều chỉnh lỗ, thuế GTGT đầu vào chuyển kỳ sau",2020-12-05,,Còn hiệu lực,125,
P050,Khai sai / trốn thuế,16,1,đ,"Sử dụng hóa đơn, chứng từ không hợp pháp để hạch toán đầu vào, nhưng người mua chứng minh được lỗi thuộc bên bán và đã hạch toán đầy đủ",Phạt theo tỷ lệ,,,"20% số thuế khai thiếu / số thuế miễn, giảm, hoàn cao hơn quy định",,"Buộc nộp đủ thuế thiếu + tiền chậm nộp; điều chỉnh lỗ, thuế GTGT đầu vào chuyển kỳ sau",2020-12-05,,Còn hiệu lực,125,
P051,Khai sai / trốn thuế,17,1,a,Không nộp hồ sơ đăng ký thuế; không nộp hồ sơ khai thuế hoặc nộp sau 90 ngày kể từ ngày hết hạn,Phạt theo tỷ lệ,,,Phạt 1-3 lần số thuế trốn (mức cụ thể theo tình tiết - xem sheet Nguyên tắc chung),"Trừ trường hợp điểm b, c khoản 4 và khoản 5 Điều 13","Buộc nộp đủ thuế trốn (+ tiền chậm nộp); điều chỉnh lỗ, thuế GTGT đầu vào",2020-12-05,,Còn hiệu lực,125,
P052,Khai sai / trốn thuế,17,1,b,"Không ghi sổ kế toán các khoản thu; không khai, khai sai dẫn đến thiếu thuế (trừ Điều 16)",Phạt theo tỷ lệ,,,Phạt 1-3 lần số thuế trốn (mức cụ thể theo tình tiết - xem sheet Nguyên tắc chung),,"Buộc nộp đủ thuế trốn (+ tiền chậm nộp); điều chỉnh lỗ, thuế GTGT đầu vào",2020-12-05,,Còn hiệu lực,125,Nếu bị phát hiện sau hạn nộp hồ sơ khai thuế nhưng KHÔNG làm giảm thuế phải nộp: xử phạt theo Điều 12.3 (5-8 triệu) - khoản 7 Điều 17.
P053,Khai sai / trốn thuế,17,1,c,"Không lập hóa đơn khi bán hàng hóa, dịch vụ (trừ trường hợp đã khai thuế); lập hóa đơn sai số lượng, giá trị để khai thuế thấp hơn thực tế và bị phát hiện sau hạn nộp hồ sơ khai thuế",Phạt theo tỷ lệ,,,Phạt 1-3 lần số thuế trốn (mức cụ thể theo tình tiết - xem sheet Nguyên tắc chung),,"Buộc nộp đủ thuế trốn (+ tiền chậm nộp); điều chỉnh lỗ, thuế GTGT đầu vào",2020-12-05,,Còn hiệu lực,125,
P054,Khai sai / trốn thuế,17,1,d,"Sử dụng hóa đơn không hợp pháp; sử dụng không hợp pháp hóa đơn để khai thuế làm giảm thuế phải nộp / tăng thuế được hoàn, miễn, giảm",Phạt theo tỷ lệ,,,Phạt 1-3 lần số thuế trốn (mức cụ thể theo tình tiết - xem sheet Nguyên tắc chung),,"Buộc nộp đủ thuế trốn (+ tiền chậm nộp); điều chỉnh lỗ, thuế GTGT đầu vào",2020-12-05,,Còn hiệu lực,125,
P055,Khai sai / trốn thuế,17,1,đ,"Sử dụng chứng từ không hợp pháp; chứng từ, tài liệu không phản ánh đúng bản chất/giá trị giao dịch; hủy vật tư, hàng hóa không đúng thực tế để giảm thuế",Phạt theo tỷ lệ,,,Phạt 1-3 lần số thuế trốn (mức cụ thể theo tình tiết - xem sheet Nguyên tắc chung),,"Buộc nộp đủ thuế trốn (+ tiền chậm nộp); điều chỉnh lỗ, thuế GTGT đầu vào",2020-12-05,,Còn hiệu lực,125,Nếu bị phát hiện sau hạn nộp hồ sơ khai thuế nhưng KHÔNG làm giảm thuế phải nộp: xử phạt theo Điều 12.3 (5-8 triệu) - khoản 7 Điều 17.
P056,Khai sai / trốn thuế,17,1,e,Sử dụng hàng hóa không chịu thuế/miễn thuế sai mục đích mà không khai báo chuyển đổi mục đích,Phạt theo tỷ lệ,,,Phạt 1-3 lần số thuế trốn (mức cụ thể theo tình tiết - xem sheet Nguyên tắc chung),,"Buộc nộp đủ thuế trốn (+ tiền chậm nộp); điều chỉnh lỗ, thuế GTGT đầu vào",2020-12-05,,Còn hiệu lực,125,Nếu bị phát hiện sau hạn nộp hồ sơ khai thuế nhưng KHÔNG làm giảm thuế phải nộp: xử phạt theo Điều 12.3 (5-8 triệu) - khoản 7 Điều 17.
P057,Khai sai / trốn thuế,17,1,g,Có hoạt động KD trong thời gian xin ngừng/tạm ngừng mà không thông báo cơ quan thuế,Phạt theo tỷ lệ,,,Phạt 1-3 lần số thuế trốn (mức cụ thể theo tình tiết - xem sheet Nguyên tắc chung),Trừ trường hợp điểm b khoản 4 Điều 10,"Buộc nộp đủ thuế trốn (+ tiền chậm nộp); điều chỉnh lỗ, thuế GTGT đầu vào",2020-12-05,,Còn hiệu lực,125,
P058,Khai sai / trốn thuế,18,1,,Ngân hàng thương mại không trích chuyển tiền từ tài khoản người nộp thuế vào NSNN theo yêu cầu của cơ quan thuế,Phạt theo tỷ lệ,,,Phạt bằng số thuế + tiền chậm nộp + tiền phạt không trích chuyển (trừ số dư tối thiểu),Trừ trường hợp tài khoản không còn số dư hoặc đã trích chuyển toàn bộ số dư mà vẫn không đủ số tiền phải nộp,,2020-12-05,,Còn hiệu lực,125,"Đối tượng: ngân hàng thương mại, không phải người nộp thuế."
P059,Thủ tục thuế,19,1,,"Cung cấp thông tin, tài liệu xác định nghĩa vụ thuế / tài khoản của người nộp thuế theo yêu cầu cơ quan thuế quá hạn từ 05 ngày",Phạt tiền (khung),2000000,6000000,,,,2020-12-05,,Còn hiệu lực,125+310,Giữ nguyên khung ở bản cũ và bản mới.
P060,Thủ tục thuế,19,2,a,"Thông đồng, bao che người nộp thuế trốn thuế; không thực hiện quyết định cưỡng chế hành chính thuế (trừ Điều 18)",Phạt tiền (khung),6000000,16000000,,,,2020-12-05,2026-01-15,Đã được thay bằng quy định mới từ 16/01/2026 (chỉ áp dụng hành vi đã kết thúc trước ngày này),125,
P061,Thủ tục thuế,19,2,b,"Không cung cấp / cung cấp không chính xác thông tin tài sản, quyền, nghĩa vụ tài sản của người nộp thuế; tài khoản tại TCTD, KBNN",Phạt tiền (khung),6000000,16000000,,,Buộc cung cấp thông tin,2020-12-05,2026-01-15,Đã được thay bằng quy định mới từ 16/01/2026 (chỉ áp dụng hành vi đã kết thúc trước ngày này),125,
P062,Thủ tục thuế,19,2,a,"Cung cấp KHÔNG CHÍNH XÁC thông tin tài sản, quyền, nghĩa vụ tài sản của người nộp thuế hoặc thông tin xác định nghĩa vụ thuế",Phạt tiền (khung),6000000,10000000,,,"Buộc cung cấp thông tin đầy đủ, chính xác",2026-01-16,,Còn hiệu lực,310,
P063,Thủ tục thuế,19,2,b,"Cung cấp KHÔNG CHÍNH XÁC thông tin tài khoản của người nộp thuế tại TCTD, KBNN, chi nhánh ngân hàng nước ngoài",Phạt tiền (khung),6000000,10000000,,,"Buộc cung cấp thông tin đầy đủ, chính xác",2026-01-16,,Còn hiệu lực,310,
P064,Thủ tục thuế,19,2,c,"Cung cấp KHÔNG CHÍNH XÁC thông tin tiền lương, tiền công, thu nhập của người nộp thuế",Phạt tiền (khung),6000000,10000000,,,"Buộc cung cấp thông tin đầy đủ, chính xác",2026-01-16,,Còn hiệu lực,310,
P065,Thủ tục thuế,19,3,a,"KHÔNG cung cấp thông tin tài sản, quyền, nghĩa vụ tài sản của người nộp thuế hoặc thông tin xác định nghĩa vụ thuế",Phạt tiền (khung),10000000,16000000,,,"Buộc cung cấp thông tin đầy đủ, chính xác",2026-01-16,,Còn hiệu lực,310,
P066,Thủ tục thuế,19,3,b,"KHÔNG cung cấp thông tin tài khoản của người nộp thuế tại TCTD, KBNN, chi nhánh ngân hàng nước ngoài",Phạt tiền (khung),10000000,16000000,,,"Buộc cung cấp thông tin đầy đủ, chính xác",2026-01-16,,Còn hiệu lực,310,
P067,Thủ tục thuế,19,3,c,"KHÔNG cung cấp thông tin tiền lương, tiền công, thu nhập của người nộp thuế",Phạt tiền (khung),10000000,16000000,,,"Buộc cung cấp thông tin đầy đủ, chính xác",2026-01-16,,Còn hiệu lực,310,
P068,Thủ tục thuế,19,3,đ,"Thông đồng, bao che người nộp thuế trốn thuế; không thực hiện quyết định cưỡng chế hành chính thuế (trừ Điều 18)",Phạt tiền (khung),10000000,16000000,,,,2026-01-16,,Còn hiệu lực,310,
P069,Hóa đơn,20,1,,Không ký hợp đồng in bằng văn bản / tổ chức in in hóa đơn đặt in không có quyết định in,Phạt tiền (khung),500000,1500000,,,,2020-12-05,2026-01-15,Đã bãi bỏ từ 16/01/2026 (chỉ áp dụng hành vi đã kết thúc trước ngày này),125,Điều 20 NĐ125 bị bãi bỏ hoàn toàn bởi Điều 2 NĐ310.
P070,Hóa đơn,20,2,,Đặt in hóa đơn khi cơ quan thuế đã có văn bản thông báo không đủ điều kiện đặt in (trừ trường hợp cơ quan thuế không có ý kiến bằng văn bản khi nhận đề nghị sử dụng hóa đơn đặt in),Phạt tiền (khung),2000000,4000000,,,,2020-12-05,2026-01-15,Đã bãi bỏ từ 16/01/2026 (chỉ áp dụng hành vi đã kết thúc trước ngày này),125,Điều 20 NĐ125 bị bãi bỏ hoàn toàn bởi Điều 2 NĐ310.
P071,Hóa đơn,20,3,,Đặt in hóa đơn theo mẫu đã phát hành của tổ chức/cá nhân khác hoặc đặt in trùng số cùng ký hiệu,Phạt tiền (khung),20000000,50000000,,,,2020-12-05,2026-01-15,Đã bãi bỏ từ 16/01/2026 (chỉ áp dụng hành vi đã kết thúc trước ngày này),125,Điều 20 NĐ125 bị bãi bỏ hoàn toàn bởi Điều 2 NĐ310.
P072,Hóa đơn,21,2,,In hóa đơn đặt in mà không ký hợp đồng in bằng văn bản,Phạt tiền (khung),500000,1500000,,,,2020-12-05,2026-01-15,Đã bãi bỏ từ 16/01/2026 (chỉ áp dụng hành vi đã kết thúc trước ngày này),125,Điều 21 NĐ125 bị bãi bỏ hoàn toàn bởi Điều 2 NĐ310.
P073,Hóa đơn,21,3,,Báo cáo về việc in hóa đơn quá hạn từ 06 ngày trở lên (trừ trường hợp cảnh cáo điểm b khoản 1),Phạt tiền (khung),2000000,4000000,,,,2020-12-05,2026-01-15,Đã bãi bỏ từ 16/01/2026 (chỉ áp dụng hành vi đã kết thúc trước ngày này),125,Điều 21 NĐ125 bị bãi bỏ hoàn toàn bởi Điều 2 NĐ310.
P074,Hóa đơn,21,4,,"Không hủy sản phẩm in hỏng, in thừa khi thanh lý hợp đồng in",Phạt tiền (khung),4000000,8000000,,,,2020-12-05,2026-01-15,Đã bãi bỏ từ 16/01/2026 (chỉ áp dụng hành vi đã kết thúc trước ngày này),125,Điều 21 NĐ125 bị bãi bỏ hoàn toàn bởi Điều 2 NĐ310.
P075,Hóa đơn,21,5,a,Nhận in hóa đơn đặt in khi không đủ điều kiện in hóa đơn,Phạt tiền (khung),6000000,18000000,,,,2020-12-05,2026-01-15,Đã bãi bỏ từ 16/01/2026 (chỉ áp dụng hành vi đã kết thúc trước ngày này),125,Điều 21 NĐ125 bị bãi bỏ hoàn toàn bởi Điều 2 NĐ310.
P076,Hóa đơn,21,5,b,Không khai báo việc làm mất hóa đơn trước khi giao cho khách hàng,Phạt tiền (khung),6000000,18000000,,,,2020-12-05,2026-01-15,Đã bãi bỏ từ 16/01/2026 (chỉ áp dụng hành vi đã kết thúc trước ngày này),125,Điều 21 NĐ125 bị bãi bỏ hoàn toàn bởi Điều 2 NĐ310.
P077,Hóa đơn,21,6,,Chuyển nhượng toàn bộ hoặc một khâu trong hợp đồng in hóa đơn cho cơ sở in khác,Phạt tiền (khung),10000000,20000000,,,,2020-12-05,2026-01-15,Đã bãi bỏ từ 16/01/2026 (chỉ áp dụng hành vi đã kết thúc trước ngày này),125,Điều 21 NĐ125 bị bãi bỏ hoàn toàn bởi Điều 2 NĐ310.
P078,Hóa đơn,21,7,,In hóa đơn theo mẫu đã phát hành của tổ chức/cá nhân khác hoặc in trùng số cùng ký hiệu,Phạt tiền (khung),20000000,50000000,,,,2020-12-05,2026-01-15,Đã bãi bỏ từ 16/01/2026 (chỉ áp dụng hành vi đã kết thúc trước ngày này),125,Điều 21 NĐ125 bị bãi bỏ hoàn toàn bởi Điều 2 NĐ310.
P079,Hóa đơn,22,1,a,"Cho, bán hóa đơn đặt in chưa phát hành",Phạt tiền (khung),15000000,45000000,,,,2020-12-05,2026-01-15,Đã bãi bỏ từ 16/01/2026 (chỉ áp dụng hành vi đã kết thúc trước ngày này),125,Khoản 1 Điều 22 bị bãi bỏ bởi NĐ310.
P080,Hóa đơn,22,1,b,"Cho, bán hóa đơn đặt in của khách hàng đặt in hóa đơn cho tổ chức, cá nhân khác",Phạt tiền (khung),15000000,45000000,,,,2020-12-05,2026-01-15,Đã bãi bỏ từ 16/01/2026 (chỉ áp dụng hành vi đã kết thúc trước ngày này),125,Khoản 1 Điều 22 bị bãi bỏ bởi NĐ310.
P081,Hóa đơn,23,1,a,Nộp thông báo điều chỉnh thông tin phát hành hóa đơn (đổi địa chỉ/tên) quá hạn 10-20 ngày,Phạt tiền (khung),500000,1500000,,,,2020-12-05,2026-01-15,Đã bãi bỏ từ 16/01/2026 (chỉ áp dụng hành vi đã kết thúc trước ngày này),125,Điều 23 NĐ125 bị bãi bỏ hoàn toàn bởi Điều 2 NĐ310.
P082,Hóa đơn,23,1,b,Nộp bảng kê hóa đơn chưa sử dụng khi đổi địa chỉ quá hạn 10-20 ngày,Phạt tiền (khung),500000,1500000,,,,2020-12-05,2026-01-15,Đã bãi bỏ từ 16/01/2026 (chỉ áp dụng hành vi đã kết thúc trước ngày này),125,Điều 23 NĐ125 bị bãi bỏ hoàn toàn bởi Điều 2 NĐ310.
P083,Hóa đơn,23,1,c,Sử dụng hóa đơn đã thông báo phát hành nhưng chưa đến hạn sử dụng,Phạt tiền (khung),500000,1500000,,,,2020-12-05,2026-01-15,Đã bãi bỏ từ 16/01/2026 (chỉ áp dụng hành vi đã kết thúc trước ngày này),125,Điều 23 NĐ125 bị bãi bỏ hoàn toàn bởi Điều 2 NĐ310.
P084,Hóa đơn,23,2,a,"Lập thông báo phát hành không đầy đủ nội dung, đã bị cơ quan thuế thông báo điều chỉnh nhưng vẫn lập hóa đơn",Phạt tiền (khung),2000000,4000000,,,,2020-12-05,2026-01-15,Đã bãi bỏ từ 16/01/2026 (chỉ áp dụng hành vi đã kết thúc trước ngày này),125,Điều 23 NĐ125 bị bãi bỏ hoàn toàn bởi Điều 2 NĐ310.
P085,Hóa đơn,23,2,b,Không niêm yết thông báo phát hành hóa đơn đúng quy định,Phạt tiền (khung),2000000,4000000,,,,2020-12-05,2026-01-15,Đã bãi bỏ từ 16/01/2026 (chỉ áp dụng hành vi đã kết thúc trước ngày này),125,Điều 23 NĐ125 bị bãi bỏ hoàn toàn bởi Điều 2 NĐ310.
P086,Hóa đơn,23,2,c,Nộp thông báo điều chỉnh thông tin phát hành hóa đơn (đổi địa chỉ/tên) quá hạn từ 21 ngày,Phạt tiền (khung),2000000,4000000,,,,2020-12-05,2026-01-15,Đã bãi bỏ từ 16/01/2026 (chỉ áp dụng hành vi đã kết thúc trước ngày này),125,Điều 23 NĐ125 bị bãi bỏ hoàn toàn bởi Điều 2 NĐ310.
P087,Hóa đơn,23,2,d,Nộp bảng kê hóa đơn chưa sử dụng khi đổi địa chỉ quá hạn từ 21 ngày,Phạt tiền (khung),2000000,4000000,,,,2020-12-05,2026-01-15,Đã bãi bỏ từ 16/01/2026 (chỉ áp dụng hành vi đã kết thúc trước ngày này),125,Điều 23 NĐ125 bị bãi bỏ hoàn toàn bởi Điều 2 NĐ310.
P088,Hóa đơn,23,3,,"Không lập thông báo phát hành hóa đơn trước khi đưa vào sử dụng (hóa đơn gắn nghiệp vụ đã khai, nộp thuế hoặc chưa đến kỳ kê khai, nộp thuế)",Phạt tiền (khung),6000000,18000000,,,,2020-12-05,2026-01-15,Đã bãi bỏ từ 16/01/2026 (chỉ áp dụng hành vi đã kết thúc trước ngày này),125,Điều 23 NĐ125 bị bãi bỏ hoàn toàn bởi Điều 2 NĐ310.
P089,Hóa đơn,21,1,,Báo cáo về việc nhận in hóa đơn quá hạn 01-05 ngày (và 06-10 ngày nếu có tình tiết giảm nhẹ),Cảnh cáo,,,,,,2020-12-05,2026-01-15,Đã bãi bỏ từ 16/01/2026 (chỉ áp dụng hành vi đã kết thúc trước ngày này),125,Điều 21 NĐ125 bị bãi bỏ bởi Điều 2 NĐ310.
P090,Hóa đơn,22,2,,"Cho, bán hóa đơn mua của cơ quan thuế nhưng chưa lập",Phạt tiền (khung),20000000,50000000,,,Buộc hủy hóa đơn; buộc nộp lại số lợi bất hợp pháp,2020-12-05,2026-01-15,Đã được thay bằng quy định mới từ 16/01/2026 (chỉ áp dụng hành vi đã kết thúc trước ngày này),125,
P091,Hóa đơn,22,2,,"Cho, bán hóa đơn",Phạt tiền (khung),20000000,50000000,,,Buộc nộp lại số lợi bất hợp pháp (điểm b khoản 3 Điều 22 NĐ125),2026-01-16,,Còn hiệu lực,310,
P092,Hóa đơn,24,1,a,Lập hóa đơn không đúng thời điểm nhưng không dẫn đến chậm nghĩa vụ thuế,Cảnh cáo,,,,Có tình tiết giảm nhẹ,,2020-12-05,2026-01-15,Đã bãi bỏ từ 16/01/2026 (chỉ áp dụng hành vi đã kết thúc trước ngày này),125,
P093,Hóa đơn,24,1,b,Lập hóa đơn liên tục từ số nhỏ đến lớn nhưng khác quyển; đã hủy quyển số nhỏ sau khi phát hiện,Cảnh cáo,,,,,,2020-12-05,,Còn hiệu lực,125,
P094,Hóa đơn,24,1,c,"Lập sai loại hóa đơn nhưng đã lập lại đúng trước khi có quyết định thanh tra/kiểm tra, không ảnh hưởng nghĩa vụ thuế",Cảnh cáo,,,,,,2020-12-05,,Còn hiệu lực,125,
P095,Hóa đơn,24,2,a,Không lập hóa đơn tổng hợp theo quy định,Phạt tiền (khung),500000,1500000,,,,2020-12-05,2026-01-15,Đã được thay bằng quy định mới từ 16/01/2026 (chỉ áp dụng hành vi đã kết thúc trước ngày này),125,Khoản 2 cũ bị thay hoàn toàn bởi NĐ310; hành vi 'không lập hóa đơn tổng hợp' không còn nêu riêng.
P096,Hóa đơn,24,2,b,"Không lập hóa đơn cho hàng khuyến mại, quảng cáo, hàng mẫu, cho biếu tặng, trả lương",Phạt tiền (khung),500000,1500000,,,,2020-12-05,2026-01-15,Đã được thay bằng quy định mới từ 16/01/2026 (chỉ áp dụng hành vi đã kết thúc trước ngày này),125,
P097,Hóa đơn,24,3,,Lập hóa đơn không đúng thời điểm nhưng không dẫn đến chậm nghĩa vụ thuế,Phạt tiền (khung),3000000,5000000,,,,2020-12-05,2026-01-15,Đã được thay bằng quy định mới từ 16/01/2026 (chỉ áp dụng hành vi đã kết thúc trước ngày này),125,
P098,Hóa đơn,24,4,a,"Lập hóa đơn không đúng thời điểm theo quy định (trừ điểm a khoản 1, khoản 3)",Phạt tiền (khung),4000000,8000000,,,,2020-12-05,2026-01-15,Đã bãi bỏ từ 16/01/2026 (chỉ áp dụng hành vi đã kết thúc trước ngày này),125,
P099,Hóa đơn,24,4,b,Lập hóa đơn không theo thứ tự từ số nhỏ đến số lớn,Phạt tiền (khung),4000000,8000000,,Trừ trường hợp cảnh cáo điểm b khoản 1,,2020-12-05,,Còn hiệu lực,125,
P100,Hóa đơn,24,4,c,Lập hóa đơn ghi ngày trước ngày mua hóa đơn của cơ quan thuế,Phạt tiền (khung),4000000,8000000,,,,2020-12-05,,Còn hiệu lực,125,
P101,Hóa đơn,24,4,d,Lập sai loại hóa đơn đã giao cho người mua hoặc đã kê khai thuế,Phạt tiền (khung),4000000,8000000,,Trừ trường hợp cảnh cáo điểm c khoản 1,Buộc lập hóa đơn theo quy định (đến 15/01/2026: khi người mua yêu cầu; từ 16/01/2026 không còn điều kiện này),2020-12-05,,Còn hiệu lực,125,
P102,Hóa đơn,24,4,đ,Lập hóa đơn điện tử khi chưa có thông báo chấp thuận của cơ quan thuế,Phạt tiền (khung),4000000,8000000,,,,2020-12-05,,Còn hiệu lực,125,
P103,Hóa đơn,24,4,e,Lập hóa đơn trong thời gian tạm ngừng hoạt động kinh doanh (trừ hợp đồng ký trước),Phạt tiền (khung),4000000,8000000,,,,2020-12-05,,Còn hiệu lực,125,
P104,Hóa đơn,24,4,g,"Lập hóa đơn điện tử từ máy tính tiền không kết nối, chuyển dữ liệu điện tử với cơ quan thuế",Phạt tiền (khung),4000000,8000000,,,,2020-12-05,,Còn hiệu lực,125,
P105,Hóa đơn,24,5,,"Không lập hóa đơn khi bán hàng hóa, cung cấp dịch vụ cho người mua theo quy định",Phạt tiền (khung),10000000,20000000,,,Buộc lập hóa đơn khi người mua yêu cầu,2020-12-05,2026-01-15,Đã bãi bỏ từ 16/01/2026 (chỉ áp dụng hành vi đã kết thúc trước ngày này),125,Khoản 5 bị bãi bỏ bởi NĐ310; hành vi không lập hóa đơn nay thuộc khoản 3 mới (theo số lượng hóa đơn).
P106,Hóa đơn,24,2,a,Lập hóa đơn KHÔNG ĐÚNG THỜI ĐIỂM theo quy định,Cảnh cáo,,,,"Nhóm A: hàng KM/quảng cáo/mẫu, cho biếu tặng, trả lương, tiêu dùng nội bộ, cho vay mượn/hoàn trả: 01 số hóa đơn",,2026-01-16,,Còn hiệu lực,310,Nhiều hành vi trong cùng một vụ việc chỉ bị xử phạt một hành vi theo khung tương ứng tổng số hóa đơn (điểm đ khoản 3 Điều 5 NĐ125 mới).
P107,Hóa đơn,24,2,b,Lập hóa đơn KHÔNG ĐÚNG THỜI ĐIỂM theo quy định,Phạt tiền (khung),500000,1500000,,"Nhóm A: hàng KM/quảng cáo/mẫu, cho biếu tặng, trả lương, tiêu dùng nội bộ, cho vay mượn/hoàn trả: 02 đến dưới 10 số; Nhóm B: bán hàng hóa, cung cấp dịch vụ: 01 số",,2026-01-16,,Còn hiệu lực,310,Nhiều hành vi trong cùng một vụ việc chỉ bị xử phạt một hành vi theo khung tương ứng tổng số hóa đơn (điểm đ khoản 3 Điều 5 NĐ125 mới).
P108,Hóa đơn,24,2,c,Lập hóa đơn KHÔNG ĐÚNG THỜI ĐIỂM theo quy định,Phạt tiền (khung),2000000,5000000,,"Nhóm A: hàng KM/quảng cáo/mẫu, cho biếu tặng, trả lương, tiêu dùng nội bộ, cho vay mượn/hoàn trả: 10 đến dưới 50 số; Nhóm B: bán hàng hóa, cung cấp dịch vụ: 02 đến dưới 10 số",,2026-01-16,,Còn hiệu lực,310,Nhiều hành vi trong cùng một vụ việc chỉ bị xử phạt một hành vi theo khung tương ứng tổng số hóa đơn (điểm đ khoản 3 Điều 5 NĐ125 mới).
P109,Hóa đơn,24,2,d,Lập hóa đơn KHÔNG ĐÚNG THỜI ĐIỂM theo quy định,Phạt tiền (khung),5000000,15000000,,"Nhóm A: hàng KM/quảng cáo/mẫu, cho biếu tặng, trả lương, tiêu dùng nội bộ, cho vay mượn/hoàn trả: 50 đến dưới 100 số; Nhóm B: bán hàng hóa, cung cấp dịch vụ: 10 đến dưới 20 số",,2026-01-16,,Còn hiệu lực,310,Nhiều hành vi trong cùng một vụ việc chỉ bị xử phạt một hành vi theo khung tương ứng tổng số hóa đơn (điểm đ khoản 3 Điều 5 NĐ125 mới).
P110,Hóa đơn,24,2,đ,Lập hóa đơn KHÔNG ĐÚNG THỜI ĐIỂM theo quy định,Phạt tiền (khung),15000000,30000000,,"Nhóm A: hàng KM/quảng cáo/mẫu, cho biếu tặng, trả lương, tiêu dùng nội bộ, cho vay mượn/hoàn trả: từ 100 số; Nhóm B: bán hàng hóa, cung cấp dịch vụ: 20 đến dưới 50 số",,2026-01-16,,Còn hiệu lực,310,Nhiều hành vi trong cùng một vụ việc chỉ bị xử phạt một hành vi theo khung tương ứng tổng số hóa đơn (điểm đ khoản 3 Điều 5 NĐ125 mới).
P111,Hóa đơn,24,2,e,Lập hóa đơn KHÔNG ĐÚNG THỜI ĐIỂM theo quy định,Phạt tiền (khung),30000000,50000000,,"Nhóm B: bán hàng hóa, cung cấp dịch vụ: 50 đến dưới 100 số",,2026-01-16,,Còn hiệu lực,310,Nhiều hành vi trong cùng một vụ việc chỉ bị xử phạt một hành vi theo khung tương ứng tổng số hóa đơn (điểm đ khoản 3 Điều 5 NĐ125 mới).
P112,Hóa đơn,24,2,g,Lập hóa đơn KHÔNG ĐÚNG THỜI ĐIỂM theo quy định,Phạt tiền (khung),50000000,70000000,,"Nhóm B: bán hàng hóa, cung cấp dịch vụ: từ 100 số trở lên",,2026-01-16,,Còn hiệu lực,310,Nhiều hành vi trong cùng một vụ việc chỉ bị xử phạt một hành vi theo khung tương ứng tổng số hóa đơn (điểm đ khoản 3 Điều 5 NĐ125 mới).
P113,Hóa đơn,24,3,a,KHÔNG LẬP hóa đơn theo quy định,Cảnh cáo,,,,"Nhóm A: hàng KM/quảng cáo/mẫu, cho biếu tặng, trả lương, tiêu dùng nội bộ, cho vay mượn/hoàn trả: 01 số hóa đơn",Buộc lập hóa đơn theo quy định,2026-01-16,,Còn hiệu lực,310,Trường hợp không lập hóa đơn để trốn thuế: xem Điều 17.1.c (phạt 1-3 lần số thuế trốn). Điểm e khoản 3 Điều 5 NĐ125 (sửa bởi NĐ310): nhiều hành vi không lập hóa đơn trong một vụ việc chỉ phạt một hành vi.
P114,Hóa đơn,24,3,b,KHÔNG LẬP hóa đơn theo quy định,Phạt tiền (khung),1000000,2000000,,"Nhóm A: hàng KM/quảng cáo/mẫu, cho biếu tặng, trả lương, tiêu dùng nội bộ, cho vay mượn/hoàn trả: 02 đến dưới 10 số; Nhóm B: bán hàng hóa, cung cấp dịch vụ: 01 số",Buộc lập hóa đơn theo quy định,2026-01-16,,Còn hiệu lực,310,Trường hợp không lập hóa đơn để trốn thuế: xem Điều 17.1.c (phạt 1-3 lần số thuế trốn). Điểm e khoản 3 Điều 5 NĐ125 (sửa bởi NĐ310): nhiều hành vi không lập hóa đơn trong một vụ việc chỉ phạt một hành vi.
P115,Hóa đơn,24,3,c,KHÔNG LẬP hóa đơn theo quy định,Phạt tiền (khung),2000000,10000000,,"Nhóm A: hàng KM/quảng cáo/mẫu, cho biếu tặng, trả lương, tiêu dùng nội bộ, cho vay mượn/hoàn trả: 10 đến dưới 50 số; Nhóm B: bán hàng hóa, cung cấp dịch vụ: 02 đến dưới 10 số",Buộc lập hóa đơn theo quy định,2026-01-16,,Còn hiệu lực,310,Trường hợp không lập hóa đơn để trốn thuế: xem Điều 17.1.c (phạt 1-3 lần số thuế trốn). Điểm e khoản 3 Điều 5 NĐ125 (sửa bởi NĐ310): nhiều hành vi không lập hóa đơn trong một vụ việc chỉ phạt một hành vi.
P116,Hóa đơn,24,3,d,KHÔNG LẬP hóa đơn theo quy định,Phạt tiền (khung),10000000,30000000,,"Nhóm A: hàng KM/quảng cáo/mẫu, cho biếu tặng, trả lương, tiêu dùng nội bộ, cho vay mượn/hoàn trả: 50 đến dưới 100 số; Nhóm B: bán hàng hóa, cung cấp dịch vụ: 10 đến dưới 20 số",Buộc lập hóa đơn theo quy định,2026-01-16,,Còn hiệu lực,310,Trường hợp không lập hóa đơn để trốn thuế: xem Điều 17.1.c (phạt 1-3 lần số thuế trốn). Điểm e khoản 3 Điều 5 NĐ125 (sửa bởi NĐ310): nhiều hành vi không lập hóa đơn trong một vụ việc chỉ phạt một hành vi.
P117,Hóa đơn,24,3,đ,KHÔNG LẬP hóa đơn theo quy định,Phạt tiền (khung),30000000,50000000,,"Nhóm A: hàng KM/quảng cáo/mẫu, cho biếu tặng, trả lương, tiêu dùng nội bộ, cho vay mượn/hoàn trả: từ 100 số; Nhóm B: bán hàng hóa, cung cấp dịch vụ: 20 đến dưới 50 số",Buộc lập hóa đơn theo quy định,2026-01-16,,Còn hiệu lực,310,Trường hợp không lập hóa đơn để trốn thuế: xem Điều 17.1.c (phạt 1-3 lần số thuế trốn). Điểm e khoản 3 Điều 5 NĐ125 (sửa bởi NĐ310): nhiều hành vi không lập hóa đơn trong một vụ việc chỉ phạt một hành vi.
P118,Hóa đơn,24,3,e,KHÔNG LẬP hóa đơn theo quy định,Phạt tiền (khung),60000000,80000000,,"Nhóm B: bán hàng hóa, cung cấp dịch vụ: từ 50 số hóa đơn trở lên",Buộc lập hóa đơn theo quy định,2026-01-16,,Còn hiệu lực,310,Trường hợp không lập hóa đơn để trốn thuế: xem Điều 17.1.c (phạt 1-3 lần số thuế trốn). Điểm e khoản 3 Điều 5 NĐ125 (sửa bởi NĐ310): nhiều hành vi không lập hóa đơn trong một vụ việc chỉ phạt một hành vi.
P119,Hóa đơn,25,1,,"Khai báo mất, cháy, hỏng hóa đơn quá hạn 01-05 ngày",Cảnh cáo,,,,Có tình tiết giảm nhẹ,,2020-12-05,,Còn hiệu lực,125+310,NĐ310 chỉ sửa tên Điều 25.
P120,Hóa đơn,25,2,,"Khai báo mất, cháy, hỏng hóa đơn quá hạn 01-05 ngày",Phạt tiền (khung),1000000,4000000,,Trừ trường hợp cảnh cáo khoản 1,,2020-12-05,,Còn hiệu lực,125,
P121,Hóa đơn,25,3,a,"Khai báo mất, cháy, hỏng hóa đơn quá hạn từ 06 ngày",Phạt tiền (khung),4000000,8000000,,,,2020-12-05,,Còn hiệu lực,125,
P122,Hóa đơn,25,3,b,"Không khai báo mất, cháy, hỏng hóa đơn",Phạt tiền (khung),4000000,8000000,,,,2020-12-05,,Còn hiệu lực,125,
P123,Hóa đơn,26,1,a,"Làm mất, cháy, hỏng hóa đơn đã lập (trừ liên giao khách), đã kê khai thuế, có chứng từ chứng minh",Cảnh cáo,,,,Có tình tiết giảm nhẹ,,2020-12-05,,Còn hiệu lực,125,
P124,Hóa đơn,26,1,b,"Làm mất, cháy, hỏng hóa đơn đã lập sai, đã xóa bỏ và đã lập hóa đơn thay thế",Cảnh cáo,,,,,,2020-12-05,,Còn hiệu lực,125,
P125,Hóa đơn,26,2,,"Làm mất, cháy, hỏng liên giao khách hàng của hóa đơn đã lập; người bán đã kê khai, có chứng từ",Phạt tiền (khung),3000000,5000000,,Có tình tiết giảm nhẹ,,2020-12-05,,Còn hiệu lực,125,
P126,Hóa đơn,26,3,a,"Làm mất, cháy, hỏng hóa đơn đã phát hành, đã mua của cơ quan thuế nhưng chưa lập",Phạt tiền (khung),4000000,8000000,,,,2020-12-05,2026-01-15,Đã được thay bằng quy định mới từ 16/01/2026 (chỉ áp dụng hành vi đã kết thúc trước ngày này),125,
P127,Hóa đơn,26,3,a,"Làm mất, cháy, hỏng hóa đơn mua của cơ quan thuế nhưng chưa lập",Phạt tiền (khung),4000000,8000000,,,,2026-01-16,,Còn hiệu lực,310,NĐ310 bỏ cụm 'đã phát hành' - phạm vi hẹp hơn bản cũ.
P128,Hóa đơn,26,3,b,"Làm mất, cháy, hỏng liên giao khách hàng của hóa đơn đã lập; người bán đã kê khai, có chứng từ",Phạt tiền (khung),4000000,8000000,,,,2020-12-05,,Còn hiệu lực,125,
P129,Hóa đơn,26,4,,"Làm mất, cháy, hỏng hóa đơn đã lập, đã khai, nộp thuế (trừ các trường hợp khoản 1, 2, 3)",Phạt tiền (khung),5000000,10000000,,,,2020-12-05,,Còn hiệu lực,125,
P130,Hóa đơn,27,1,,Hủy/tiêu hủy hóa đơn quá hạn 01-05 ngày làm việc,Cảnh cáo,,,,Có tình tiết giảm nhẹ,,2020-12-05,2026-01-15,Đã được thay bằng quy định mới từ 16/01/2026 (chỉ áp dụng hành vi đã kết thúc trước ngày này),125,
P131,Hóa đơn,27,1,,Tiêu hủy hóa đơn quá hạn 01-05 ngày làm việc,Cảnh cáo,,,,Có tình tiết giảm nhẹ,,2026-01-16,,Còn hiệu lực,310,
P132,Hóa đơn,27,2,a,"Hủy không đúng quy định hóa đơn đã phát hành nhưng chưa lập, hóa đơn không còn giá trị sử dụng",Phạt tiền (khung),2000000,4000000,,,,2020-12-05,2026-01-15,Đã được thay bằng quy định mới từ 16/01/2026 (chỉ áp dụng hành vi đã kết thúc trước ngày này),125,
P133,Hóa đơn,27,2,b,"Không hủy hóa đơn đã phát hành nhưng chưa lập, không còn giá trị sử dụng; không hủy hóa đơn mua của cơ quan thuế đã hết hạn sử dụng",Phạt tiền (khung),2000000,4000000,,,Buộc hủy hóa đơn,2020-12-05,2026-01-15,Đã được thay bằng quy định mới từ 16/01/2026 (chỉ áp dụng hành vi đã kết thúc trước ngày này),125,
P134,Hóa đơn,27,2,a,"Tiêu hủy không đúng quy định hóa đơn đặt in mua của cơ quan thuế không tiếp tục sử dụng, không còn giá trị",Phạt tiền (khung),2000000,4000000,,,,2026-01-16,,Còn hiệu lực,310,
P135,Hóa đơn,27,2,b,"Không tiêu hủy hóa đơn đặt in mua của cơ quan thuế không tiếp tục sử dụng, không còn giá trị",Phạt tiền (khung),2000000,4000000,,,Buộc tiêu hủy hóa đơn,2026-01-16,,Còn hiệu lực,310,
P136,Hóa đơn,27,2,c,Hủy/tiêu hủy hóa đơn quá hạn 01-10 ngày làm việc,Phạt tiền (khung),2000000,4000000,,Trừ trường hợp cảnh cáo khoản 1,,2020-12-05,2026-01-15,Đã được thay bằng quy định mới từ 16/01/2026 (chỉ áp dụng hành vi đã kết thúc trước ngày này),125,
P137,Hóa đơn,27,2,c,Tiêu hủy hóa đơn quá hạn 01-10 ngày làm việc,Phạt tiền (khung),2000000,4000000,,Trừ trường hợp cảnh cáo khoản 1,,2026-01-16,,Còn hiệu lực,310,
P138,Hóa đơn,27,3,a,Hủy/tiêu hủy hóa đơn quá hạn từ 11 ngày làm việc,Phạt tiền (khung),4000000,8000000,,,,2020-12-05,2026-01-15,Đã được thay bằng quy định mới từ 16/01/2026 (chỉ áp dụng hành vi đã kết thúc trước ngày này),125,
P139,Hóa đơn,27,3,b,"Không hủy, không tiêu hủy hóa đơn theo quy định",Phạt tiền (khung),4000000,8000000,,,"Buộc hủy, tiêu hủy hóa đơn",2020-12-05,2026-01-15,Đã được thay bằng quy định mới từ 16/01/2026 (chỉ áp dụng hành vi đã kết thúc trước ngày này),125,
P140,Hóa đơn,27,3,đ,"Hủy/tiêu hủy hóa đơn không đúng trình tự, thủ tục",Phạt tiền (khung),4000000,8000000,,,,2020-12-05,2026-01-15,Đã được thay bằng quy định mới từ 16/01/2026 (chỉ áp dụng hành vi đã kết thúc trước ngày này),125,
P141,Hóa đơn,27,3,e,Tiêu hủy hóa đơn không đúng các trường hợp phải tiêu hủy,Phạt tiền (khung),4000000,8000000,,,,2020-12-05,2026-01-15,Đã được thay bằng quy định mới từ 16/01/2026 (chỉ áp dụng hành vi đã kết thúc trước ngày này),125,
P142,Hóa đơn,27,3,c,"Không hủy hóa đơn điện tử lập sai sót sau khi quá hạn cơ quan thuế thông báo kiểm tra sai, sót",Phạt tiền (khung),4000000,8000000,,,Buộc hủy hóa đơn,2020-12-05,2026-01-15,Đã bãi bỏ từ 16/01/2026 (chỉ áp dụng hành vi đã kết thúc trước ngày này),125,
P143,Hóa đơn,27,3,d,Không hủy hóa đơn đặt in chưa phát hành nhưng không còn sử dụng,Phạt tiền (khung),4000000,8000000,,,Buộc hủy hóa đơn,2020-12-05,2026-01-15,Đã bãi bỏ từ 16/01/2026 (chỉ áp dụng hành vi đã kết thúc trước ngày này),125,
P144,Hóa đơn,27,3,a,Tiêu hủy hóa đơn quá hạn từ 11 ngày làm việc,Phạt tiền (khung),4000000,8000000,,,,2026-01-16,,Còn hiệu lực,310,"Ký hiệu điểm theo bản OCR NĐ310 (đánh số lại a-d, đ); cần đối chiếu với bản gốc."
P145,Hóa đơn,27,3,b,Không tiêu hủy hóa đơn theo quy định,Phạt tiền (khung),4000000,8000000,,,Buộc tiêu hủy hóa đơn,2026-01-16,,Còn hiệu lực,310,"Ký hiệu điểm theo bản OCR NĐ310 (đánh số lại a-d, đ); cần đối chiếu với bản gốc."
P146,Hóa đơn,27,3,c,"Tiêu hủy hóa đơn không đúng trình tự, thủ tục",Phạt tiền (khung),4000000,8000000,,,,2026-01-16,,Còn hiệu lực,310,"Ký hiệu điểm theo bản OCR NĐ310 (đánh số lại a-d, đ); cần đối chiếu với bản gốc."
P147,Hóa đơn,27,3,đ,Tiêu hủy hóa đơn không đúng các trường hợp phải tiêu hủy,Phạt tiền (khung),4000000,8000000,,,,2026-01-16,,Còn hiệu lực,310,"Ký hiệu điểm theo bản OCR NĐ310 (đánh số lại a-d, đ); cần đối chiếu với bản gốc."
P148,Hóa đơn,28,1,,Sử dụng hóa đơn không hợp pháp / sử dụng không hợp pháp hóa đơn (Điều 4 NĐ125),Phạt tiền (khung),20000000,50000000,,Trừ điểm đ khoản 1 Điều 16 và điểm d khoản 1 Điều 17 (khi thuộc diện phạt 20% hoặc trốn thuế),Đến 15/01/2026: buộc hủy hóa đơn đã sử dụng (khoản 2 Điều 28 bị bãi bỏ từ 16/01/2026),2020-12-05,,Còn hiệu lực,125,
P149,Hóa đơn,29,1,,"Nộp thông báo, báo cáo về hóa đơn quá hạn 01-05 ngày",Cảnh cáo,,,,Có tình tiết giảm nhẹ,,2020-12-05,,Còn hiệu lực,125,
P150,Hóa đơn,29,2,a,"Nộp thông báo, báo cáo về hóa đơn quá hạn 01-10 ngày",Phạt tiền (khung),1000000,3000000,,Trừ trường hợp cảnh cáo khoản 1,,2020-12-05,,Còn hiệu lực,125,
P151,Hóa đơn,29,2,b,"Lập sai / không đầy đủ nội dung thông báo, báo cáo về hóa đơn",Phạt tiền (khung),1000000,3000000,,,"Buộc lập, gửi thông báo, báo cáo về hóa đơn",2020-12-05,,Còn hiệu lực,125,"Không phạt nếu tự phát hiện, lập lại báo cáo thay thế trước khi có quyết định thanh tra/kiểm tra."
P152,Hóa đơn,29,3,,"Nộp thông báo, báo cáo về hóa đơn quá hạn 11-20 ngày",Phạt tiền (khung),2000000,4000000,,,,2020-12-05,,Còn hiệu lực,125,
P153,Hóa đơn,29,4,,"Nộp thông báo, báo cáo về hóa đơn quá hạn 21-90 ngày",Phạt tiền (khung),4000000,8000000,,,,2020-12-05,,Còn hiệu lực,125,
P154,Hóa đơn,29,5,a,"Nộp thông báo, báo cáo về hóa đơn quá hạn từ 91 ngày",Phạt tiền (khung),5000000,15000000,,,,2020-12-05,,Còn hiệu lực,125,
P155,Hóa đơn,29,5,b,"Không nộp thông báo, báo cáo về hóa đơn",Phạt tiền (khung),5000000,15000000,,,"Buộc lập, gửi thông báo, báo cáo về hóa đơn",2020-12-05,,Còn hiệu lực,125,
P156,Hóa đơn,30,1,,Chuyển dữ liệu hóa đơn điện tử cho cơ quan thuế quá hạn 01-05 ngày làm việc,Phạt tiền (khung),2000000,5000000,,,,2020-12-05,,Còn hiệu lực,125,
P157,Hóa đơn,30,2,a,Chuyển dữ liệu hóa đơn điện tử quá hạn 06-10 ngày làm việc,Phạt tiền (khung),5000000,8000000,,,,2020-12-05,,Còn hiệu lực,125,
P158,Hóa đơn,30,2,b,Chuyển bảng tổng hợp dữ liệu hóa đơn điện tử không đầy đủ số lượng hóa đơn đã lập trong kỳ,Phạt tiền (khung),5000000,8000000,,,Buộc chuyển dữ liệu hóa đơn điện tử,2020-12-05,,Còn hiệu lực,125,
P159,Hóa đơn,30,3,a,Chuyển dữ liệu hóa đơn điện tử quá hạn từ 11 ngày làm việc,Phạt tiền (khung),10000000,20000000,,,,2020-12-05,,Còn hiệu lực,125,
P160,Hóa đơn,30,3,b,Không chuyển dữ liệu hóa đơn điện tử cho cơ quan thuế theo thời hạn,Phạt tiền (khung),10000000,20000000,,,Buộc chuyển dữ liệu hóa đơn điện tử,2020-12-05,,Còn hiệu lực,125,
P161,Hóa đơn,31,1,,Cung cấp phần mềm hóa đơn tự in không đảm bảo nguyên tắc / in ra không đủ nội dung,Phạt tiền (khung),4000000,8000000,,,,2020-12-05,2026-01-15,Đã được thay bằng quy định mới từ 16/01/2026 (chỉ áp dụng hành vi đã kết thúc trước ngày này),125,Dành cho tổ chức cung cấp dịch vụ/phần mềm hóa đơn.
P162,Hóa đơn,31,2,,Cung cấp phần mềm hóa đơn điện tử không đảm bảo nguyên tắc,Phạt tiền (khung),4000000,8000000,,,,2020-12-05,2026-01-15,Đã được thay bằng quy định mới từ 16/01/2026 (chỉ áp dụng hành vi đã kết thúc trước ngày này),125,Dành cho tổ chức cung cấp dịch vụ/phần mềm hóa đơn.
P163,Hóa đơn,31,,,"Cung cấp giải pháp khởi tạo, kết nối, nhận, truyền, lưu trữ, xử lý dữ liệu hóa đơn điện tử không đảm bảo nguyên tắc",Phạt tiền (khung),4000000,8000000,,,,2026-01-16,,Còn hiệu lực,310+125,NĐ310 thay Điều 31. Số tiền trong file OCR NĐ310 bị lỗi ('§.000.000'); khung 4-8 triệu được đối chiếu với Điều 31 NĐ125 gốc (cùng khung) - cần xác nhận lại trên bản PDF NĐ310.
